id,titulo,subtitulo,autores,editorial,fecha_publicacion,paginas,categorias,idioma,rating_promedio,cantidad_ratings,consulta_origen
69JaAAAAMAAJ,Hemingway,A Life Without Consequences,James R. Mellow,,1992,742.0,Biography & Autobiography,en,,,subject:fiction
ZIGxEAAAQBAJ,Persuasion,,Jane Austen,neobooks,2023-03-02,276.0,Fiction,de,,,subject:fiction
7rzMEQAAQBAJ,The Maltese Falcon,,,Courier Dover Publications,2025-11-11,194.0,Fiction,en,,,subject:fiction
fP33EAAAQBAJ,THE Murder Of Roger Ackroyd,,AGATHA CHRISTIE,ببلومانيا للنشر والتوزيع,2024-02-29,314.0,Fiction,en,,,subject:fiction
V5mdEAAAQBAJ,Stories from the Pentamerone,in large print,Giambattista Basile,BoD – Books on Demand,2022-11-23,294.0,Fiction,en,,,subject:fiction
b74fEAAAQBAJ,Jane Eyre,,Charlotte Bronte,Principis,2021-03-10,609.0,Fiction,pt-BR,,,subject:fiction
qvk6DwAAQBAJ,Sense and Sensibility - Illustrated Edition,,Jane Austen,Abela Publishing Ltd,2017-10-23,579.0,Fiction,en,,,subject:fiction
_DYNAQAAMAAJ,The Face of Another,,Kōbō Abe,Kodansha,1992,260.0,Fiction,en,,,subject:fiction
XdMBTKWSfeMC,Taras Bulba,,Nikolái V. Gogol,Ediciones AKAL,2006-12-19,154.0,Literary Criticism,es,,,subject:fiction
yZAfIKgahyEC,The Skinner,,Neal Asher,Macmillan,2004-06,488.0,Fiction,en,4.0,1.0,subject:fiction
v7VPEQAAQBAJ,The Street of Crocodiles,,Bruno Schulz,Rare Treasure Editions,2025-03-19T00:00:00Z,136.0,Fiction,en,,,subject:fiction
ptQSSgAACAAJ,The Lone Star Ranger,,Zane Grey,,2010-05-01,,,en,,,subject:fiction
xNAmBQAAQBAJ,Afterdark,Roman,Haruki Murakami,Dumont Buchverlag,2011-08-18,185.0,Fiction,de,,,subject:fiction
EhSj9KDEPmwC,The Odyssey of Homer,,Richmond Lattimore,Harper Perennial Modern Classics,1967,388.0,Fiction,en,,,subject:fiction
XUtNEQAAQBAJ,The Final Problem,,Arthur Conan Doyle,SAMPI Books,2025-03-08,39.0,Fiction,en,,,subject:fiction
vp4uDwAAQBAJ,Al faro,,Virginia Woolf,Alianza Editorial,2017-09-07,228.0,Fiction,es,,,subject:fiction
ggpgAAAAMAAJ,Generations of Winter,,Василий Аксенов,Random House (NY),1994,616.0,Fiction,en,,,subject:fiction
QwVWCgAAQBAJ,1601 Conversation as it was by the Social Fireside in the Time of the Tudors,,Mark Twain,Library of Alexandria,1900-01-01,50.0,Fiction,en,,,subject:fiction
AzZ1zgEACAAJ,The Adventures of Huckleberry Finn Annotated,,Mark Twain,,2021-06-03,362.0,,en,,,subject:fiction
SHDXjwEACAAJ,"The Ingenious Gentleman Don Quixote of La Mancha, Volume 2",,John Ormsby,Palala Press,2015-08-31,410.0,,en,,,subject:fiction
UN370QEACAAJ,The Steppenwolf,,Hermann Heffe,Tradd Street Press,2026-02-14,0.0,Fiction,en,,,subject:fiction
3oSqDwAAQBAJ,Oliver Twist,,Charles Dickens,Jaico Publishing House,2019-01-01,220.0,Fiction,en,,,subject:fiction
-9TrzQEACAAJ,On the Origin of Species Illustrated,,Charles Darwin,,2020-09-22,770.0,,en,,,subject:fiction
6uPBhEIKP7kC,"I, Tituba, Black Witch of Salem",,Maryse Condé,One World/Ballantine,1994,260.0,Fiction,en,4.0,1.0,subject:fiction
NTwfzgEACAAJ,The Tragedy of King Lear,,William Shakespeare,,2020-12-22,124.0,,en,,,subject:fiction
qmw5PwAACAAJ,The House on the Borderland,,William Hope Hodgson,Soft Editions Limited,2003,176.0,Fiction,en,,,subject:fiction
EwZ-zgEACAAJ,Don Quixote Annotated,,Migue. D. Cervantes,,2021-05-04,647.0,,en,,,subject:fiction
oNY0DwAAQBAJ,There There,A novel,Tommy Orange,Vintage,2018-06-05,260.0,Fiction,en,5.0,2.0,subject:fiction
7Hv2zQEACAAJ,The Life and Adventures of Robinson Crusoe,,Daniel Defoe,Independently Published,2020-09-25,332.0,,en,,,subject:fiction
zENXswEACAAJ,The Wonderful Wizard of Oz,,L. Frank Baum,Createspace Independent Publishing Platform,2018-01-11,106.0,,en,,,subject:fiction
LNRKAAAAYAAJ,Resurrection,,Leo Tolstoy,ePenguin,1947,578.0,Fiction,en,,,subject:fiction
zJbzzQEACAAJ,Wuthering Heights Illustrated,,Emily Brontë,,2020-10-14,400.0,,en,,,subject:fiction
pXw8MQAACAAJ,Frankenstein,By Mary Wollstonecraft Shelley - Illustrated,Mary Wollstonecraft Shelley,Createspace Independent Publishing Platform,2016-12-09,164.0,,en,,,subject:fiction
TwVqzgEACAAJ,Pride and Prejudice Annotated,,Jane Austen,Independently Published,2021-04-30,464.0,,en,,,subject:fiction
qzSZuQAACAAJ,On the Nature of Things,,Titus Lucretius Carus,Tredition Classics,2011-11,198.0,,en,,,subject:fiction
LUX_jgEACAAJ,The Strange Case of Dr. Jekyll and Mr. Hyde,,Robert Louis Stevenson,,2015-11-23,62.0,,en,,,subject:fiction
3nqhDwAAQBAJ,Wundersmith,The Calling of Morrigan Crow,Jessica Townsend,Noura Books,2019-02-20,390.0,Fiction,id,,,subject:fiction
Zotf0QEACAAJ,Hunger,,Knut Hamsun,,2025,0.0,Fiction,en,,,subject:fiction
jftCSoPi0VYC,The Virginian,A Horseman of the Plains,Owen Wister,"Oxford University Press, USA",1998,406.0,Fiction,en,4.0,2.0,subject:fiction
uZKWzQEACAAJ,The Chimes Illustrated,,Charles Dickens,,2020-06-14,118.0,,en,,,subject:fiction
uwcEzgEACAAJ,Nana,,Emile Zola,Independently Published,2020-10-30,178.0,,en,,,subject:fiction
YazfoQEACAAJ,Quentin Durward,,Scott-W,,2013-02-25,100.0,,fr,,,subject:fiction
9WuqEAAAQBAJ,"Principles of Phisics, or Natural Philosophy",,Benjamin Silliman,BoD – Books on Demand,2023-01-31,782.0,Fiction,en,,,subject:fiction
5yHVzQEACAAJ,Moll Flanders Illustrated,,Daniel Defoe,,2020-08-23,384.0,,en,,,subject:fiction
o9pqzgEACAAJ,The Battle of the Books,Original Edition,Jonathan Swift,,2021-04-27,66.0,,en,,,subject:fiction
KfjpzgEACAAJ,The Hunchback of Notre Dame (Annotated),,Victor Hugo,,2021-05-16,684.0,,en,,,subject:fiction
zqUeswEACAAJ,Carmilla,,Joseph Sheridan Joseph Sheridan Le Fanu,,2015-07-12,130.0,,en,,,subject:fiction
J_j50dWIa3MC,Misery,,Stephen King,Albin Michel,2010-05-20,293.0,Fiction,fr,5.0,1.0,subject:fiction
IUhaAAAAMAAJ,Dogs of God,,Pinckney Benedict,Nan A. Talese,1994,378.0,Fiction,en,,,subject:fiction
LP5aAAAAMAAJ,Little Follies,"The Personal History, Adventures, Experiences & Observations of Peter Leroy (so Far)",Eric Kraft,Crown,1992,456.0,Fiction,en,,,subject:fiction
d6IpAQAAIAAJ,"J.J., Some Jottings",,Cuntara Rāmacāmi,,2003,196.0,Fiction,en,,,subject:fiction
lgfAzQEACAAJ,The Sorrows of Satan Illustrated,,Marie Corelli,,2020-07-26,562.0,,en,,,subject:fiction
tYq_KRQuF2sC,The Natural,,Bernard Malamud,Macmillan,1952,250.0,Fiction,en,,,subject:fiction
Pe28AQAACAAJ,西游记,,承恩·吴,,2003,3355.0,,en,,,subject:fiction
7v4qzgEACAAJ,The Three Musketeers Annotated,,Alexandre Dumas,,2020-10-31,739.0,,en,,,subject:fiction
t8zVugEACAAJ,The Power of Movement in Plants,,Charles Darwin,Createspace Independent Publishing Platform,2018-08-12,210.0,,en,,,subject:fiction
JSOvEAAAQBAJ,Little Black Sambo,,Helen Bannerman,anboco,2016-08-11,25.0,Fiction,en,,,subject:fiction
icKmd-tlvPMC,Journey to the Center of the Earth,,Jules Verne,Bantam,2006-04-25,242.0,Fiction,en,3.5,3.0,subject:fiction
fdhuvgAACAAJ,The House of the Seven Gables,By Nathaniel Hawthorne : Illustrated,Nathaniel Nathaniel Hawthorne,,2016-10-27,238.0,,en,,,subject:fiction
ens0MQAACAAJ,Alice in Wonderland and Through the Looking Glass,By Lewis Carroll : Illustrated,Lewis Lewis Carroll,,2016-12-15,200.0,,en,,,subject:fiction
g_RaAAAAMAAJ,That Hideous Strength,A Modern Fairy-tale for Grown-ups,Clive Staples Lewis,Random House (UK),1945,488.0,Fiction,en,,,subject:fiction
B9qLCgAAQBAJ,Pudd'nhead Wilson,,Mark Twain,Simon and Schuster,2016-05-24,260.0,Fiction,en,,,subject:fiction
iFhaAAAAMAAJ,"The Wrecked, Blessed Body of Shelton Lafleur",,John Gregory Brown,Houghton Mifflin,1996,282.0,Fiction,en,,,subject:fiction
u_HYCwAAQBAJ,Self's Deception,,Bernhard Schlink,Vintage Crime/Black Lizard,2007-06-12,354.0,Fiction,en,,,subject:fiction
yzs6HicjgsAC,Cat's Cradle,A Novel,Kurt Vonnegut,Dial Press Trade Paperback,1998-09-08,308.0,Fiction,en,4.0,147.0,subject:fiction
Z83IAQAACAAJ,The Dwarves of Death,,Jonathan Coe,,2001,214.0,Musical groups,en,,,subject:fiction
IxBmAAAAMAAJ,It's Saturday,,Michael Barrett (MFA.),Carnegie-Mellon University Press,2005,148.0,Fiction,en,,,subject:fiction
8T9_cxH7z6sC,The Trial,Introduction by George Steiner,Franz Kafka,Everyman's Library,1992-06-30,345.0,Fiction,en,,,subject:fiction
fU30AgAAQBAJ,The Last Trail,,Zane Grey,Simon and Schuster,2014-02-27,330.0,Fiction,en,,,subject:fiction
dTFcjMCYFwoC,Our Game,A Novel,John Le Carré,Alfred A. Knopf,1995,336.0,Fiction,en,4.0,2.0,subject:fiction
QR9rEQAAQBAJ,White fang,,Jack London,W. Books,2025-07-03,171.0,Fiction,en,,,subject:fiction
aGRkAAAAMAAJ,Chaka,,Thomas Mofolo,Heinemann Educational Publishers,1981,198.0,Fiction,en,,,subject:fiction
VH491zohk9IC,The Red Hot Typewriter,The Life and Times of John D. MacDonald,Hugh Merrill,Macmillan,2000-08-12,284.0,Biography & Autobiography,en,,,subject:fiction
Bqa5AAAAIAAJ,The Canterbury Tales,,Geoffrey Chaucer,Penguin Classics,1977,534.0,Fiction,en,,,subject:fiction
KnJFzwEACAAJ,Infinite Jest,,David Foster Wallace,"Little, Brown",1996-02-01,0.0,Fiction,en,,,subject:fiction
mHIkAAAAMAAJ,"My Disappearance in Providence, and Other Stories",,Alfred Andersch,,1978,248.0,Fiction,en,,,subject:fiction
ozItEAAAQBAJ,Quentin Durward,,Sir Walter Scott,Graphic Arts Books,2021-05-14,373.0,Fiction,en,,,subject:fiction
hSTJAQAAQBAJ,Talking For Two,,Wanda E. Brunstetter,Barbour Publishing,2013-07-01,96.0,Fiction,en,,,subject:fiction
46KJ4ERrzNkC,My Struggle: Book 1,,Karl Ove Knausgaard,Macmillan + ORM,2013-05-02,382.0,Fiction,en,5.0,1.0,subject:fiction
U-1LyAaWtCoC,Tess of the D'Urbervilles,,Thomas Hardy,Wordsworth Editions,1992,388.0,Fiction,en,,,subject:fiction
CCe5AAAAIAAJ,A Soldier of the Company,"Life of an Indian Ensign, 1833-43",Albert Hervey,Michael Joseph,1988,248.0,Fiction,en,,,subject:fiction
nAYBEAAAQBAJ,The Prophet,Timeless Wisdom for Modern Life,Kahlil Gibran,Pan Macmillan,2020-10-29,79.0,Fiction,en,,,subject:fiction
OhVpsEv9BFoC,The Scarlet Letter,,Nathaniel Hawthorne,Aerie,1989-08-15,288.0,Fiction,en,,,subject:fiction
5ntnDwAAQBAJ,The Scarred Woman,A Department Q Novel,Jussi Adler-Olsen,Penguin,2018-09-04,481.0,Fiction,en,,,subject:fiction
J_Kw1oREJcUC,Dreamcatcher,A Novel,Stephen King,Simon and Schuster,2001-03-20,704.0,Fiction,en,,,subject:fiction
P3uXugEACAAJ,Little Women,,Louisa May Alcott,Createspace Independent Publishing Platform,2018-08-11,474.0,,en,,,subject:fiction
6mdbAAAAMAAJ,Memories of My Father Watching TV,A Novel,Curtis White,,1998,176.0,Fiction,en,,,subject:fiction
jx0ZEAAAQBAJ,The Wind in the Willows,,Kenneth Grahame,Standard Ebooks,2015-10-30T23:56:40Z,194.0,Fiction,en,,,subject:fiction
BcCevp5-L6oC,The Swineherd,,Hans Christian Andersen,Michael Neugebauer Books,1995,36.0,Fiction,en,,,subject:fiction
DyeNEAAAQBAJ,The Song of Roland,,,National Geographic Books,2001-02-13,0.0,Fiction,en,,,subject:fiction
QnaucQAACAAJ,Moby Dick,,Herman Melville,Debolsillo,2014-02-04,0.0,Literary Collections,es,,,subject:fiction
aLPqDwAAQBAJ,Difficult Loves,,Italo Calvino,Houghton Mifflin Harcourt,2017-08-29,237.0,Fiction,en,,,subject:fiction
_yI-PgAACAAJ,Brasyl,,Ian McDonald,Pyr Books,2007,0.0,Brazil,en,,,subject:fiction
Ob92_hWYGJwC,"Short Letter, Long Farewell",,Peter Handke,New York Review of Books,2009-03-31,195.0,Fiction,en,,,subject:fiction
fz5H0vUiZocC,Italian Shoes,,Henning Mankell,ReadHowYouWant.com,2009-11-26,486.0,Fiction,en,,,subject:fiction
YiTIwAEACAAJ,Persuasion,,Jane Austen,Barnes & Noble,2005-08,249.0,Fiction,en,,,subject:fiction
BfxUzQEACAAJ,Don Quixote,,Cervantes,Iboo Academic Press,2020-02-14,652.0,Fiction,en,,,subject:fiction
VWF3SvrhjrMC,Swimmy,,Leo Lionni,Dragonfly Books,1973,36.0,Fiction,en,,,subject:fiction
NwpbAAAAMAAJ,"Homely Girl, a Life, and Other Stories",,Arthur Miller,Viking Adult,1995,134.0,Fiction,en,,,subject:fiction
IOdgzgEACAAJ,Riders of the Purple Sage Illustrated,,Zane Grey,,2021-03-31,376.0,,en,,,subject:fiction
FIHArQEACAAJ,The Death of Ivan Ilyich,,"Count Leo Nikolayevich Tolstoy, Leo Tolstoy",CreateSpace,2014-09-19,36.0,,en,,,subject:fiction
WoxbAAAAMAAJ,The Quick and the Dead,,Joy Williams,Knopf,2000,330.0,Fiction,en,,,subject:fiction
wMfdEQAAQBAJ,The Adventurers,,Harold Robbins,Rosetta Books,1966-01-01,1027.0,Fiction,en,,,subject:fiction
yfJrxQEACAAJ,"Bartleby, The Scrivener",,Herman Melville,Blurb,2019-04-29,44.0,Fiction,en,,,subject:fiction
gs9lAAAAMAAJ,Elements of Style,A Novel,Wendy Wasserstein,"Random House Digital, Inc.",2006,328.0,Fiction,en,,,subject:fiction
awjOtAEACAAJ,Plutarch's Lives,The Translation Called Dryden's -,"John Dryden, Plutarch, Arthur Hugh Clough",Hansebooks,2018-01-15,432.0,,en,,,subject:fiction
Nf8OswEACAAJ,John Marr and Other Poems,,Herman Melville,CreateSpace,2015-08-10,90.0,,en,,,subject:fiction
e-wZ0QEACAAJ,The Damned (La Bas),,Joris-Karl Huysmans,Penguin Classics,2002-01-29,0.0,Fiction,en,,,subject:fiction
7AaNEAAAQBAJ,The Cider House Rules,A Novel,John Irving,National Geographic Books,1997-06-23,0.0,Fiction,en,,,subject:fiction
wiw8DwAAQBAJ,Balcony in the Forest,,Julien Gracq,New York Review of Books,2017-11-21,241.0,Fiction,en,,,subject:fiction
VVwoswEACAAJ,Pride and Prejudice,,Jane Austen,Createspace Independent Publishing Platform,2017-09-29,330.0,,en,,,subject:fiction
okXQDwAAQBAJ,The Trial,,Franz Kafka,Boxtree,2020-10-13,236.0,Fiction,en,,,subject:fiction
oydPAxqIvCQC,The Joy Luck Club,,Amy Tan,Random House of Canada,1990,332.0,Fiction,en,,,subject:fiction
IQPsEAAAQBAJ,Fan Phenomena: Game of Thrones,,Kavita Mudan Finn,Intellect Books,2017-05-01,206.0,Art,en,,,subject:fiction
TEk6EAAAQBAJ,The Marvelous Land of Oz,,Lyman Frank Baum,Phoemixx Classics Ebooks,2021-08-04,139.0,Fiction,en,,,subject:fiction
x093EAAAQBAJ,The Festival of Insignificance,A Novel,Milan Kundera,HarperCollins,2023-07-18,94.0,Fiction,en,,,subject:fiction
3xx5PwAACAAJ,The Sign of the Four,,"Sir Arthur Conan Doyle, Sir, Conan Doyle Arthur Conan Doyle",Tutis Digital Pub,2008-01,244.0,Fiction,en,,,subject:fiction
BiaTEAAAQBAJ,Dark Lover,The First Novel of the Black Dagger Brotherhood,J.R. Ward,Penguin,2014-02-19,3.0,Fiction,en,,,subject:fiction
a98mCwAAQBAJ,Jacob's Room,,Virgina Woolf,Xist Publishing,2015-08-07,183.0,Fiction,en,,,subject:fiction
xY_wLc0i3w8C,The Life and Times of Major Fiction,Stories,Jonathan Baumbach,University of Alabama Press,1986,218.0,Fiction,en,,,subject:fiction
-qtaAAAAMAAJ,The Shadow Lines,,Amitav Ghosh,South Asia Books,1988,268.0,Fiction,en,,,subject:fiction
95QxzgEACAAJ,Pride and Prejudice,Penguin Classics,Jane Austen,,2021-02-05,364.0,,en,,,subject:fiction
dlWHjwEACAAJ,The Idiot (Annotated),,Fyodor Fyodor Dostoyevsky,Createspace Independent Publishing Platform,2016-02-17,556.0,,en,,,subject:fiction
d4rwBgAAQBAJ,"The Dragon Blood Collection, Books 1-3",An Epic Fantasy Series,Lindsay Buroker,Lindsay Buroker,2014-12-01,829.0,Fiction,en,5.0,1.0,subject:fiction
Y52tzgEACAAJ,Ben-Hur,A Tale of the Christ,Lew Wallace,Illustrated Books,2021-09-16,516.0,,en,,,subject:fiction
eAjxAwAAQBAJ,Hydroplane,Fictions,Susan Steinberg,University of Alabama Press,2006-04,205.0,Fiction,en,,,subject:fiction
_4zcAAAAIAAJ,Terminal Identity,The Virtual Subject in Postmodern Science Fiction,Scott Bukatman,Durham : Duke University Press,1993,566.0,Computers,en,,,subject:fiction
rq1VDwAAQBAJ,Tender Is the Night,,F. Scott Fitzgerald,東西文坊,2018-04-15,404.0,Fiction,en,,,subject:fiction
uze8AAAAIAAJ,The Escaped Cock,,David Herbert Lawrence,,1973,184.0,Fiction,en,,,subject:fiction
49qqmAEACAAJ,The Sorrows of Young Werther,,Johann Wolfgang von Goethe,Digireads.com Publishing,2008-01-01,100.0,Fiction,en,,,subject:fiction
8LNKtQAACAAJ,Sisterhood of Dune,,"Kevin J. Anderson, Brian Herbert",Simon & Schuster,2012-12,0.0,,en,,,subject:fiction
-DhSlVvcbEQC,Halo: Evolutions,Essential Tales of the Halo Universe,"Tobias S. Buckell, Karen Traviss, Frank O'Connor, Eric Nylund","Farrar, Straus, and Giroux",2009-11-24,532.0,Fiction,en,5.0,1.0,subject:fiction
q2WM6gXLEfwC,Robinson Crusoe,,"Daniel Defoe, D. K. Swan",Longman Publishing Group,1976,44.0,Fiction,en,,,subject:fiction
xZNVDAaxrGIC,The Boleyn Inheritance,,Philippa Gregory,Simon and Schuster,2008-12-30,596.0,Fiction,en,5.0,1.0,subject:fiction
I5NmvgEACAAJ,Pride and Prejudice (1813),Romantic Novel,Jane Austen,Independently Published,2018-10-20,222.0,,en,,,subject:fiction
5eX8jwEACAAJ,Northanger Abbey,,Jane Austen,,2016-04-08,166.0,,en,,,subject:fiction
ppC2MwEACAAJ,Peter Pan,,James Matthew Barrie,,2011,508.0,Fantasy fiction,en,,,subject:fiction
29O752DKn1cC,Four Past Midnight,,Stephen King,Simon and Schuster,2016-01-01,960.0,Fiction,en,4.0,8.0,subject:fiction
xwSWzQEACAAJ,The Picture of Dorian Gray Illustrated,,Oscar Wilde,,2020-06-18,272.0,,en,,,subject:fiction
ctLWoAEACAAJ,Sense and Sensibility,,Jane Austen,,2014-03-12,216.0,Fiction,en,,,subject:fiction
dBth0_qtT74C,A Century of November,A Novel,W. D. Wetherell,University of Michigan Press,2004-09-09,180.0,Fiction,en,,,subject:fiction
1ZWYcQAACAAJ,Walden,,Henry David Thoreau,,1986,0.0,"Government, Resistance to",en,,,subject:fiction
J9n6rQEACAAJ,The Illustrated Man,,Ray Bradbury,Perfection Learning,2012-02-08,279.0,,en,,,subject:fiction
rFAljwEACAAJ,The Importance of Being Earnest,A Trivial Comedy for Serious People,Oscar Wilde,Createspace Independent Publishing Platform,2015-12-24,52.0,,en,,,subject:fiction
LYW5MgEACAAJ,The Catcher in the Rye,,Jerome David Salinger,,1977,220.0,Fiction in English,en,,,subject:fiction
lDkgzgEACAAJ,A Tale of Two Cities Illustrated,,Charles Dickens,,2020-12-20,496.0,,en,,,subject:fiction
Eb0fAQAAIAAJ,Nuestra Señora de la Noche,,Mayra Santos-Febres,"Espasa Calpe Mexicana, S.A.",2006,368.0,Fiction,es,,,subject:fiction
6QYIxgEACAAJ,The World Set Free,,H G Wells,,2019-06-06,738.0,,en,,,subject:fiction
3tq7zgEACAAJ,"Bartleby, the Scrivener Illustrated",,Herman Melville,,2021-08-12,65.0,,en,,,subject:fiction
1ZyStgEACAAJ,Anne of Avonlea,,Lucy Montgomery,,2018-04-21,406.0,,en,,,subject:fiction
85o4zAEACAAJ,Dracula Illustrated,,Bram Stoker,,2019-11-25,492.0,,en,,,subject:fiction
0bC3tAEACAAJ,Father Goriot,,Honoré De Balzac,,2017-09-17,112.0,,en,,,subject:fiction
LXaTuAAACAAJ,The Age of Innocence,,Edith Wharton,,2011-04-01,312.0,Fiction,en,,,subject:fiction
iCOmDwAAQBAJ,Treasure,,Clive Cussler,Pocket Books,2019-08-27,704.0,Fiction,en,,,subject:fiction
zYxERwAACAAJ,"The Life and Adventures of Robinson Crusoe, of York, Mariner",,Daniel Defoe,,2007-11,260.0,Fiction,en,,,subject:fiction
HvugugEACAAJ,Typee,,Herman Melville,Createspace Independent Publishing Platform,2018-08-12,164.0,,en,,,subject:fiction
x-1VtAEACAAJ,The Memoirs of Sherlock Holmes,,Arthur Conan Doyle,Wingspan Press,2008-11,228.0,,en,,,subject:fiction
H0uczQEACAAJ,A Christmas Carol Illustrated,,Charles Dickens,,2020-07-08,116.0,,en,,,subject:fiction
fS8gAQAAIAAJ,Garments the Living Wear,,James Purdy,City Lights Books,1989,160.0,Fiction,en,,,subject:fiction
U2LczQEACAAJ,Mansfield Park Illustrated,,Jane Austen,,2020-09-11,550.0,,en,,,subject:fiction
e1ZZHkzMb6sC,The Guns of Navarone,,Alistair MacLean,HarperCollins UK,2010-07-22,37.0,Fiction,en,5.0,1.0,subject:fiction
KTT7zQEACAAJ,John Milton,Paradise Lost-Original Edition(Annotated),John Milton,Independently Published,2020-08-10,330.0,,en,,,subject:fiction
Wc9f0QEACAAJ,Max Havelaar,,Multatuli Multatuli,Double 9 Books,2025-03,0.0,Fiction,en,,,subject:fiction
D5i5wgEACAAJ,Remembered Death,,Agatha Christie,,1984-11-02,194.0,Detective and mystery stories,en,,,subject:fiction
J4-MEAAAQBAJ,The Black Arrow,,Robert Louis Stevenson,National Geographic Books,2007-12-18,0.0,Fiction,en,,,subject:fiction
iqZnwQEACAAJ,Robinson Crusoe,,Daniel Defoe,Independently Published,2019-01-24,574.0,Fiction,en,,,subject:fiction
jKmOzgEACAAJ,The Divine Comedy Illustrated,,Dante Alighieri,,2021-04-23,502.0,,en,,,subject:fiction
YBbgtAEACAAJ,Ulysses,,James Joyce,,2017-09,272.0,,en,,,subject:fiction
6ce8xwEACAAJ,Great Expectations,,Charles Dickens,,2019-07-19,552.0,,en,,,subject:fiction
_x5LygEACAAJ,Captains Courageous,Large Print,Rudyard Kipling,,2019-09-25,164.0,,en,,,subject:fiction
Ub2DzQEACAAJ,Captains Courageous,,Rudyard Kipling,,2020-04-27,144.0,,en,,,subject:fiction
5ulqzgEACAAJ,The Jungle Book Annotated,,Rudyard Kipling,,2021-04-27,174.0,,en,,,subject:fiction
iKr7zQEACAAJ,Oliver Twist Illustrated,,Charles Dickens,,2020-08-24,580.0,,en,,,subject:fiction
hQlVxQEACAAJ,To the Lighthouse,,Virginia Woolf,Independently Published,2019-05-04,402.0,,en,,,subject:fiction
WKSzzAEACAAJ,The Mysterious Affair at Styles Illustrated,,Agatha Christie,Independently Published,2019-12-04,226.0,,en,,,subject:fiction
ulGsswEACAAJ,A Tramp Abroad,,Mark Twain,,2017-10-28,280.0,,en,,,subject:fiction
netutAEACAAJ,The Jungle Book,,Rudyard Kipling,,2017-08-12,140.0,,en,,,subject:fiction
w0uZzgEACAAJ,A Tale of Two Cities - a Story of the French Revolution,With Original Illustrations,Charles Dickens,,2021-06-11,399.0,,en,,,subject:fiction
ppb6XgPV0foC,Number One Ladies' Detective Agency,,Alexander McCall Smith,Anchor,2002,242.0,Fiction,en,,,subject:fiction
wLm5oAEACAAJ,Black Beauty,,Anna Sewell,,2014-06-19,118.0,Fiction,en,,,subject:fiction
K1OGzQEACAAJ,Ozma Of Oz,,L Frank Baum,,2020-04-08,112.0,,en,,,subject:fiction
rBSXzQEACAAJ,Sense and Sensibility by Jane Austen the New Annotated Edition,,Jane Austen,,2020-05-04,406.0,,en,,,subject:fiction
jzR-zQEACAAJ,A Message From The Sea,(6*9),"Wilkie Collins, Charles Dickens",,2020-05-19,32.0,,en,,,subject:fiction
AENpswEACAAJ,The Marvelous Land of Oz,,L. Frank Baum,Createspace Independent Publishing Platform,2018-01-26,138.0,,en,,,subject:fiction
u9yNjwEACAAJ,The Scarlet Letter,By Nathaniel Hawthorne and Illustrated,Nathaniel Hawthorne,,2016-02-15,172.0,,en,,,subject:fiction
iNgrzgEACAAJ,The Brothers Karamazov,A Novel in Four Parts With Epilogue,Fyodor Dostoevsky,North Point Press,1990-09-12,832.0,Fiction,en,,,subject:fiction
_Lw4uQEACAAJ,The Lost World,,Arthur Conan Doyle,Createspace Independent Publishing Platform,2018-07-14,198.0,,en,,,subject:fiction
MNHRjwEACAAJ,ספר מים חיים,,"חיים ארבאך, ישראל יצחק פיקרסקי, אברהם אלעזר פרדנזאהן (מלודז.)",,1938,21.0,Aggada,en,,,subject:fiction
esOfPwAACAAJ,"So Long, and Thanks for All the Fish",,Douglas Adams,,1991-05-01,204.0,Fiction,en,,,subject:fiction
_v5JPgAACAAJ,The Log of Christopher Columbus,"The First Voyage, Spring, Summer, and Fall 1492","Christopher Columbus, Steve Lowe",Philomel,1992,32.0,Juvenile Nonfiction,en,,,subject:fiction
BV3kPQAACAAJ,The Miracles of the Antichrist,,Selma Lagerlof,,2002-12-01,388.0,Religion,en,,,subject:fiction
mSyjuQAACAAJ,Black House,,"Stephen King, Peter Straub",,2001,,,en,,,subject:fiction
QJLK0AEACAAJ,On The Road,,Jack Kerouac,Penguin Books,1976-12-28,0.0,Fiction,en,,,subject:fiction
0lPazQEACAAJ,The Wonderful Wizard of Oz Illustrated,,Lyman Frank Baum,,2020-09,160.0,,en,,,subject:fiction
2ul9tAEACAAJ,The Children of the New Forest,,Frederick Marryat,,2018-01-31,296.0,,en,,,subject:fiction
Sl_AjgEACAAJ,Emma,,Jane Austen,,2015-10-26,484.0,,en,,,subject:fiction
9t7VvgEACAAJ,The Little Lady of the Big House,,Jack London,Independently Published,2018-11-22,641.0,,en,,,subject:fiction
B42VxAEACAAJ,David Copperfield,,Charles Dickens,Independently Published,2019-04-23,760.0,,en,,,subject:fiction
xF2qPQAACAAJ,Bag of Bones,,Stephen King,,1998-09,,,en,,,subject:fiction
BtdB2CcXazEC,Why We Read Fiction,Theory of Mind and the Novel,Lisa Zunshine,Ohio State University Press,2006,210.0,Literary Criticism,en,3.0,1.0,subject:science fiction
xIU9d6W3vEkC,The Philosophy of Science Fiction Film,,Steven Sanders,University Press of Kentucky,2007-12-14,241.0,Performing Arts,en,4.0,2.0,subject:science fiction
uefwmdROKTAC,Science Fact and Science Fiction,An Encyclopedia,Brian M. Stableford,Taylor & Francis,2006,758.0,Fiction,en,5.0,1.0,subject:science fiction
rzV_CgAAQBAJ,Dreams Must Explain Themselves,The Selected Non-Fiction of Ursula K. Le Guin,Ursula K. Le Guin,Hachette UK,2018-02-01,524.0,Literary Criticism,en,,,subject:science fiction
sbv3E9-vueUC,Science Fiction Prototyping,Designing the Future with Science Fiction,Brian David Johnson,Morgan & Claypool Publishers,2011,191.0,Computers,en,,,subject:science fiction
O72EoPJN4mUC,Science Fiction,Visions of Tomorrow?,"Isaac Asimov, Greg Walz-Chojnacki, Francis Reddy",Gareth Stevens Publishing,1995,38.0,Juvenile Nonfiction,en,,,subject:science fiction
opEUAQAAIAAJ,Fiction in American Magazines Before 1800,An Annotated Catalogue,Edward W. R. Pitcher,Union College Press,1993,344.0,Language Arts & Disciplines,en,,,subject:science fiction
LjAYAAAAIAAJ,100 Masters of Mystery and Detective Fiction,,Fiona Kelleghan,Magill's Choice,2001,406.0,Literary Criticism,en,,,subject:science fiction
AzFaAAAAMAAJ,The Supernatural and English Fiction,,Glen Cavaliero,"Oxford University Press, USA",1995,296.0,History,en,,,subject:science fiction
39KQY1FnSfkC,Time Machines,"Time Travel in Physics, Metaphysics, and Science Fiction",Paul J. Nahin,Springer Science & Business Media,2001-04-20,674.0,Science,en,,,subject:science fiction
jxCigeDTG1oC,Scientific American,,,,1898,458.0,Science,en,,,subject:science fiction
2LecUzwriRsC,Fact and Fiction in Modern Science,,Henry Vincent Gill,,1944,152.0,Catholics,en,,,subject:science fiction
BiNfAAAAMAAJ,History and Fiction in Galdós's Narratives,,Geoffrey Ribbans,"Oxford University Press, USA",1993,336.0,Literary Criticism,en,,,subject:science fiction
SZ1iE5WfIOIC,Content-Based Chapter Books Fiction (Science: Planet Patrol): Antarctic Adventure,,Rebecca L. Johnson,National Geographic Society,2007-03-11,68.0,Language Arts & Disciplines,en,,,subject:science fiction
c8EU07habLEC,Stranger Than Fiction,Killer bugs,Melvin Berger,,1990,100.0,Juvenile Nonfiction,en,,,subject:science fiction
46gfAQAAIAAJ,The Country of the Pointed Firs and Other Fiction,,Sarah Orne Jewett,"Oxford University Press, USA",1996,404.0,Fiction,en,,,subject:science fiction
bjngIqjgt-sC,"The Saturday Review of Politics, Literature, Science and Art",,,,1910,840.0,Art,en,,,subject:science fiction
UbULAQAAMAAJ,Music in Contemporary British Fiction,Listening to the Novel,Gerry Smyth,Palgrave MacMillan,2008-11-20,264.0,Fiction,en,,,subject:science fiction
6iVFAAAAYAAJ,"Space, Cosmology and Fiction",,Joan Solomon,Wiley-Blackwell,1983,56.0,Literary Criticism,en,,,subject:science fiction
CCMWAAAAYAAJ,Hardwicke's Science-gossip,An Illustrated Medium of Interchange and Gossip for Students and Lovers of Nature,"Mordecai Cubitt Cooke, John Eller Taylor",,1885,444.0,Natural history,en,,,subject:science fiction
5n9ZAAAAMAAJ,Biotechnological and Medical Themes in Science Fiction,,Domna Pastourmatzi,,2002,524.0,Biology in literature,en,,,subject:science fiction
cuIKAAAAYAAJ,Popular Science Monthly,,,,1901,614.0,Science,en,,,subject:science fiction
JwzlR3vbcjcC,The Science in Science Fiction,,Peter Nicholls,Crescent,1987,210.0,Science,en,,,subject:science fiction
MvpoAAAAIAAJ,Science Fiction and Space Futures,Past and Present,Eugene Morlock Emme,Univelt,1982,298.0,Literary Criticism,en,,,subject:science fiction
480xAQAAMAAJ,Lippincott's Monthly Magazine,"A Popular Journal of General Literature, Science, and Politics",,,1879,782.0,Literature,en,,,subject:science fiction
a0o-AQAAMAAJ,Transactions,,Burnley Literary and Scientific Club,,1895,586.0,Literature,en,,,subject:science fiction
ZxA8DZCgGdIC,The Monist,,Paul Carus,,1927,678.0,Electronic journals,en,,,subject:science fiction
MIpqDViLa7QC,The Popular Science Monthly,,,,1891,900.0,Science,en,,,subject:science fiction
PSc4AQAAMAAJ,Popular Science Monthly and World's Advance,,,,1891,900.0,Science,en,,,subject:science fiction
_FbgAAAAMAAJ,Science & Technology in Fact and Fiction,A Guide to Young Adult Books,"DayAnn M. Kennedy, Stella S. Spangler, Mary Ann Vanderwerf",R. R. Bowker,1990,392.0,Literary Criticism,en,,,subject:science fiction
p4iTbQm8kR8C,Holt Anthology of Science Fiction,,Holt Rinehart & Winston,Holt McDougal,2000-05,324.0,Juvenile Fiction,en,,,subject:science fiction
alPyAAAAMAAJ,Bulletin of the Atomic Scientists,,,,1953,444.0,Nuclear energy,en,,,subject:science fiction
dlMAK3CTldsC,Public Understanding of Science,,,,2009,788.0,Electronic journals,en,,,subject:science fiction
7NkPAQAAIAAJ,"Meaning, Intentions, and Argumentation",,"Kepa Korta, Joana Garmendia",Center for the Study of Language and Information Publica Tion,2008,264.0,History,en,,,subject:science fiction
hKbMDwAAQBAJ,Ethical Futures and Global Science Fiction,,"Zachary Kendal, Aisling Smith, Giulia Champion, Andrew Milner",Springer Nature,2020-01-27,340.0,Literary Criticism,en,,,subject:science fiction
lZJFyrQ-oaIC,Nature,,Sir Norman Lockyer,,1898,652.0,Electronic journals,en,,,subject:science fiction
9JVscuBcAw8C,Notices of the Proceedings,,Royal Institution of Great Britain,,1887,634.0,Science,en,,,subject:science fiction
hy5bg9aY6UIC,Popular Science Monthly and World Advance,,,,1926,1860.0,Science,en,,,subject:science fiction
55pY4td5Cu8C,Hitotsubashi Journal of Arts & Sciences,,,,1995,84.0,Japan,en,,,subject:science fiction
S-m1DYffZcYC,A Comprehensive Bibliography of Elementary Books on Science and Mathematics,,"Carl J. Leibel, inc., La Puente, Calif",,1960,80.0,Children's literature,en,,,subject:science fiction
DRRlAAAAMAAJ,Brave New Words,The Oxford Dictionary of Science Fiction,Jeff Prucher,OUP USA,2007-03-21,392.0,Fiction,en,,,subject:science fiction
8BkQAQAAMAAJ,Reaching for the High Frontier,"The American Pro-Space Movement, 1972-84",Michael Michaud,Praeger,1986-12-03,470.0,Science,en,,,subject:science fiction
oEYUAQAAIAAJ,Science Digest,,,,1983,368.0,Science,en,,,subject:science fiction
mgUjAQAAIAAJ,"The Journal of Philosophy, Psychology and Scientific Methods",,,,1904,848.0,Electronic journals,en,4.0,1.0,subject:science fiction
DHlNQbSfahUC,Indiana University Studies,,,,1914,64.0,Science,en,,,subject:science fiction
hgUoAAAAYAAJ,The Princeton University Bulletin,,"Francis Landey Patton, Howard Crosby Butler, Varnum Lansing Collins",,1892,520.0,Science,en,,,subject:science fiction
OTP8dQHO57UC,Anticipations of the Reaction of Mechanical and Scientific Progress Upon Human Life and Thought,,Herbert George Wells,,1901,362.0,Science,en,,,subject:science fiction
GH4w92KDZDwC,Educational Tests for Use in Elementary Schools,Second Revision,"Charles Watters Odell, University of Illinois (Urbana-Champaign campus). Bureau of Educational Research, Walter Scott Monroe, Marion Eugene Herriott, Thomas Tristam Hamilton, Max Dissette Engelhart",,1929,708.0,Ability,en,,,subject:science fiction
n1URAQAAMAAJ,Proceedings of the Literary & Philosophical Society of Liverpool,,,,1914,158.0,Humanities,en,,,subject:science fiction
ONwEAAAAYAAJ,The Outline of Man's Knowledge,"The Story of History, Science, Literature, Art, Religion, Philosophy",Clement Wood,,1927,736.0,Art,en,,,subject:science fiction
e9oZAAAAMAAJ,Men of Science and Industry,"A Guide to the Biographies of Scientists, Engineers, Inventors and Physicians, in the Carnegie Library of Pittsburgh",Carnegie Library of Pittsburgh,,1915,214.0,Biography,en,,,subject:science fiction
3Ajyl_YRROQC,Report of the ... Meeting of the British Association for the Advancement of Science,,British Association for the Advancement of Science,,1884,956.0,Science,en,,,subject:science fiction
mhBLAAAAYAAJ,Report of the ... Meeting of the British Association for the Advancement of Science,,British Association for the Advancement of Science. Meeting,,1884,952.0,Science,en,,,subject:science fiction
rjBVAAAAMAAJ,Popular Science,,,,1983,1108.0,Electronic journals,en,,,subject:science fiction
hugPAQAAMAAJ,The Last Frontier,"Imagining Other Worlds, from the Copernican Revolution to Modern Science Fiction",Karl Siegfried Guthke,,1990,424.0,Literary Criticism,en,,,subject:science fiction
c68iAAAAMAAJ,Saul's Fall,A Critical Fiction,Herbert Lindenberger,,1979,296.0,Literary Criticism,en,,,subject:science fiction
hjsPAQAAIAAJ,Colorado College Publication,Studies series,,,1929,650.0,Language and languages,en,,,subject:science fiction
a-IWAQAAMAAJ,Fiction Stranger Than Truth,In the Metaphysical Labyrinth of Relativity,N. Rudakov,,1981,190.0,Science,en,,,subject:science fiction
Ws0-AQAAIAAJ,New Scientist,,,,2008,680.0,Science,en,,,subject:science fiction
RSXxAAAAMAAJ,New Scientist and Science Journal,,,,2008,448.0,Science,en,,,subject:science fiction
iGgcAQAAIAAJ,Practising Science Communication in the Information Age,Theorising Professional Practices,Richard Holliman,Oxford University Press (UK),2009,268.0,Language Arts & Disciplines,en,,,subject:science fiction
GzesAAAAIAAJ,Research Studies,A Quarterly Publication of Washington State University,Washington State University,,1977,296.0,Europe,en,,,subject:science fiction
5P0nAQAAIAAJ,Yearbook of Science and the Future,,,,1981,458.0,Science,en,,,subject:science fiction
PMVOAQAAMAAJ,Knowledge,,,,1911,524.0,Science,en,,,subject:science fiction
sE_nAAAAMAAJ,Knowledge & Illustrated Scientific News,,,,1911,528.0,Science,en,,,subject:science fiction
6mZDAQAAMAAJ,Transactions,,Leicester Literary & Philosophical Society,,1889,1242.0,Science,en,,,subject:science fiction
WE5DAQAAMAAJ,Lippincott's Magazine of Popular Literature and Science,,,,1874,778.0,Civilization,en,,,subject:science fiction
YH0YAQAAIAAJ,Concise Encyclopedia of Philosophy of Language,,"P. Lamarque, R. E. Asher",Pergamon,1997-12-17,632.0,Language Arts & Disciplines,en,,,subject:science fiction
OTAcAAAAMAAJ,Colorado College Publication,Studies series,Colorado College,,1929,580.0,Language and languages,en,,,subject:science fiction
XlfhAAAAMAAJ,"Walford's Guide to Reference Material: Generalia, language and literature, the arts",,Albert John Walford,Facet Publishing,1998,1212.0,Art,en,,,subject:science fiction
lrlVNVgpnukC,The Saturday Review,,,,1926,752.0,Art,en,,,subject:science fiction
y1sxAQAAMAAJ,"The Saturday Review of Politics, Literature, Science, Art, and Finance",,,,1887,952.0,Art,en,,,subject:science fiction
RwE8AAAAIAAJ,Teaching Children Science: an Inquiry Approach,,"Louis I. Kuslan, A. Harris Stone",,1968,488.0,Learning by discovery,en,,,subject:science fiction
8D9aAAAAMAAJ,Opus Three Hundred,,Isaac Asimov,,1984,404.0,Fiction,en,4.0,1.0,subject:science fiction
KzUkAQAAMAAJ,Brave New Universe,Testing the Values of Science in Society,Tom Henighan,,1980,212.0,Science,en,,,subject:science fiction
vgvna3Fi_0YC,The Secret Window,Ideal Worlds in Tanizaki's Fiction,Anthony Hood Chambers,Harvard Univ Asia Center,1994,196.0,Family & Relationships,en,,,subject:science fiction
pmioTTM-SDcC,Different Engines,How Science Drives Fiction and Fiction Drives Science,"Mark Brake, Neil Hook",Palgrave Macmillan,2007-12-10,388.0,Science,en,,,subject:science fiction
wLqQAAAAMAAJ,Déliberations Et Mémoires de la Société Royale Du Canada,,Royal Society of Canada,,1901,1018.0,Humanities,en,,,subject:science fiction
W-dEAQAAIAAJ,"Walford's Guide to Reference Material: Generalia, language & literature, the arts",,"Albert John Walford, Marilyn Mullay, Anthony Chalcraft",Library Association Publishing (UK),1993,1180.0,Reference,en,,,subject:science fiction
58oUAQAAIAAJ,American Novelists Since World War II.,Fifth series,"James Richard Giles, Wanda H. Giles",Dictionary of Literary Biograp,1996,416.0,Biography & Autobiography,en,,,subject:science fiction
RpY5mhHCkjUC,Journal and Proceedings of the Hamilton Association,,Hamilton Association,,1891,814.0,Science,en,,,subject:science fiction
0xDnAAAAMAAJ,Current,"Politics, Literature, Science and Art",,,1884,442.0,Art,en,,,subject:science fiction
hYpEAQAAMAAJ,Report on the Progress and Condition of the United States National Museum,,United States National Museum,,1905,812.0,Science,en,,,subject:science fiction
wxqQ0xH5cQkC,"The London, Edinburgh and Dublin Philosophical Magazine and Journal of Science",,,,1888,1128.0,Physics,en,,,subject:science fiction
xOU_AQAAMAAJ,"London, Edinburgh and Dublin Philosophical Magazine and Journal of Science",,,,1893,586.0,Physics,en,,,subject:science fiction
QYoYAAAAYAAJ,"The Canadian Journal of Science, Literature and History",,,,1873,734.0,Science,en,,,subject:science fiction
cbM7AQAAMAAJ,Report of the Assistant Director and of the Curators of the U.S. National Museum,,United States National Museum,,1905,796.0,Science,en,,,subject:science fiction
TL4-AQAAMAAJ,Circulars,,Johns Hopkins University,,1915,1232.0,Science,en,,,subject:science fiction
rnkKAAAAMAAJ,"High School Social Science, 1930",,Washington (State). Superintendent of Public Instruction,,1930,124.0,Education,en,,,subject:science fiction
rJo_AAAAYAAJ,The Romance of the Fungus World,"An Account of Fungus Life in Its Numerous Guises, Both Real and Legendary","Robert Thatcher Rolfe, F. W. Rolfe",,1925,376.0,Science,en,,,subject:science fiction
kAEUAAAAIAAJ,School Science and Mathematics,,,,1879,968.0,Education,en,,,subject:science fiction
CdXlAAAAMAAJ,State Course of Study High Schools of Virginia ...,,Virginia. State Board of Education,,1924,96.0,Business education,en,,,subject:science fiction
hBUxAQAAMAAJ,"Proceedings of the Second Pan American Scientific Congress: (section VI) International law, public law and jurisprudence. J. B. Scott, chairman",,,,1917,906.0,Anthropology,en,,,subject:science fiction
zWwcAAAAMAAJ,Abstracts of Dissertations for the Degrees of Doctor of Philosophy and Doctor of Education,"With the Titles of Theses Accepted for the Degrees of Engineer, Master of Arts, and Master of Science",Stanford University,,1927,906.0,"Dissertations, Academic",en,,,subject:science fiction
I5ZJAAAAYAAJ,Proceedings of the American Philosophical Society Held at Philadelphia for Promoting Useful Knowledge,,American Philosophical Society,,1917,784.0,Electronic journals,en,,,subject:science fiction
sJAFAAAAQAAJ,The New Englander,,,,1860,1172.0,Criticism,en,,,subject:science fiction
SP4_AAAAYAAJ,A Modern Wizard,,Rodrigues Ottolengui,Createspace Independent Publishing Platform,1894,454.0,Science,en,3.0,1.0,subject:science fiction
2FiuZqXrnOcC,The Making of America,,Robert Marion La Follette,,1906,540.0,Inventors,en,,,subject:science fiction
txYlAQAAIAAJ,Report of the National Museum,,United States National Museum,,1905,816.0,Science,en,,,subject:science fiction
LxIAAAAAYAAJ,Essays Upon Some Controverted Questions,,Thomas Henry Huxley,,1892,650.0,Agnosticism,en,,,subject:science fiction
KcHQCwAAQBAJ,Time in Fiction,,"Craig Bourne, Emily Caddick Bourne",Oxford University Press,2016-02-19,280.0,Literary Criticism,en,,,subject:science fiction
J6tHAQAAIAAJ,The China Journal,,,,1939-07,664.0,"Art, Chinese",en,,,subject:science fiction
mwUEAAAAIAAJ,Memoirs and Proceedings of the Manchester Literary & Philosophical Society,,Manchester Literary and Philosophical Society,,1967,626.0,Science,en,,,subject:science fiction
4Y_fAAAAMAAJ,War Stars,The Superweapon and the American Imagination,Howard Bruce Franklin,"Oxford University Press, USA",1988,296.0,Fiction,en,,,subject:science fiction
YbbaAAAAMAAJ,Is Anyone There?,,Isaac Asimov,Doubleday Books,1967,344.0,Science,en,,,subject:science fiction
qtUPAQAAMAAJ,Science and Social Evolution Implications for Public Policy,A Guide to Advanced Study ...,Lynton Keith Caldwell,,1976,332.0,Science,en,,,subject:science fiction
rgowAQAAIAAJ,Research Studies of the State College of Washington,,Washington State University,,1956,868.0,Science,en,,,subject:science fiction
CdoUQFkqXXMC,Elements of Literature,"Essay, Fiction, Poetry, Drama, Film",Carl H. Klaus,"Oxford University Press, USA",1986,1588.0,Language Arts & Disciplines,en,,,subject:science fiction
LbLuAAAAMAAJ,"Exploitation, Conservation, Preservation",A Geographic Perspective on Natural Resource Use,"Susan L. Cutter, Hilary Lambert Renwick, William H. Renwick",,1991-03-27,488.0,Business & Economics,en,,,subject:science fiction
6z5DAAAAIAAJ,"Fact, Fiction, and Forecast",,Nelson Goodman,,1965,152.0,Conditionals (Logic),en,,,subject:science fiction
lK47AQAAMAAJ,Journal and Proceedings of the Hamilton Association,,,,1891,986.0,Science,en,,,subject:science fiction
93MAAAAAYAAJ,Appletons' Journal,,,,1879,616.0,Art,en,,,subject:science fiction
1lw-AQAAIAAJ,Science & Public Policy,,,,2008,352.0,Science,en,,,subject:science fiction
d-IoAQAAIAAJ,STTH,Science/technology & the Humanities,,,1980,198.0,Humanities,en,,,subject:science fiction
67EPAQAAIAAJ,Tsunamis,The Great Wave,Horace M. Karling,Nova Science Publishers,2005,218.0,Nature,en,,,subject:science fiction
xmqgEAAAQBAJ,Animals in Detective Fiction,,"Ruth Hawthorn, John Miller",Springer Nature,2022-12-06,311.0,Literary Criticism,en,,,subject:science fiction
YelAAQAAMAAJ,"Saturday Review of Politics, Literature, Science and Art",,,,1900,906.0,Art,en,,,subject:science fiction
VgRXAAAAYAAJ,Science Scope,,,,2001,708.0,Science,en,,,subject:science fiction
PbLaAAAAMAAJ,Science & Culture,,,,1991,368.0,Electronic journals,en,,,subject:science fiction
M7FXAAAAYAAJ,Women and Gaming,The Sims and 21st Century Learning,"James Paul Gee, Elisabeth R. Hayes",Palgrave MacMillan,2010-04-15,224.0,Computers,en,,,subject:science fiction
3YnWAAAAMAAJ,The Cosmic Dancers,Exploring the Science of Science Fiction,"Amit Goswami, Maggie Goswami",McGraw-Hill Companies,1985,312.0,Literary Criticism,en,,,subject:science fiction
i9jYAAAAMAAJ,Gay and Gaia,"Ethics, Ecology, and the Erotic",Daniel Teberg Spencer,,1996,472.0,Philosophy,en,,,subject:science fiction
uk4qAQAAIAAJ,Red Cosmos,"K.E. Tsiolkovskii, Grandfather of Soviet Rocketry",James T. Andrews,Texas A&M University Press,2009,182.0,Biography & Autobiography,en,,,subject:science fiction
FZRJAAAAYAAJ,Appletons' Popular Science Monthly,,William Jay Youmans,,1898,898.0,Science,en,,,subject:science fiction
iRJLAQAAMAAJ,Eclectic Magazine,,,,1905,856.0,Arts,en,,,subject:science fiction
l7naAAAAMAAJ,"Logic, Methodology and Philosophy of Science","Proceedings of the ... International Congress of Logic, Methodology and Philosophy of Science",,,1979,882.0,"Logic, Symbolic and mathematical",en,,,subject:science fiction
gFkhAQAAIAAJ,"Possible Worlds in Humanities, Arts and Sciences",Proceedings of Nobel Symposium 65,Nobelstiftelsen,Research in Text Theory,1989,472.0,Education,en,,,subject:science fiction
44I_AQAAMAAJ,Potter's American Monthly,"An Illustrated Magazine of History, Literature, Science and Art",,,1879,980.0,American literature,en,,,subject:science fiction
XMoNAQAAIAAJ,"Notices of the Proceedings at the Meetings of the Members of the Royal Institution, with Abstracts of the Discourses",,Royal Institution of Great Britain,,1887,632.0,Science,en,,,subject:science fiction
xD8gAQAAIAAJ,Tyrannosaurus Prescription,,Isaac Asimov,Prometheus,1989-09,332.0,Literary Collections,en,,,subject:science fiction
e4eDDwAAQBAJ,Future Humans in Fiction and Film,,"Louisa MacKay Demerjian, Karen F. Stein",Cambridge Scholars Publishing,2019-01-10,202.0,Literary Criticism,en,,,subject:science fiction
e3g2yQWcs0YC,University of Colorado Studies,,University of Colorado,,1952,890.0,Science,en,,,subject:science fiction
NEooAQAAIAAJ,Rehovoth,,Mekhon Ṿaitsman le-madaʻ,,1976,270.0,Science,en,,,subject:science fiction
vC8NAAAAYAAJ,Improvement of the Understanding,Ethics and Correspondence of Benedict de Spinoza,Benedictus de Spinoza,,1901,480.0,Ethics,en,,,subject:science fiction
vp4eAQAAIAAJ,New Zealand Science Review,,,,1951,180.0,Science,en,,,subject:science fiction
zLtZAAAAMAAJ,Through the Custom-house,Nineteenth-century American Fiction and Modern Theory,John Carlos Rowe,Baltimore : Johns Hopkins University Press,1982,248.0,Literary Criticism,en,,,subject:science fiction
T-YfAQAAIAAJ,Trent's Last Case,,Edmund Clerihew Bentley,"Oxford University Press, USA",1995,220.0,Fiction,en,,,subject:science fiction
MssUAQAAIAAJ,"British Travel Writers, 1876-1909",,"Barbara Brothers, Julia Marie Gergits",Dictionary of Literary Biograp,1997,440.0,Biography & Autobiography,en,,,subject:science fiction
xi_eDaM3bbQC,Transactions of the American Philosophical Society,,,,1968,580.0,American periodicals,en,,,subject:science fiction
oDQKXE-x1IIC,"Pure and Applied Science Books, 1876-1982",,,,1982,1368.0,Science,en,,,subject:science fiction
toMPAAAAYAAJ,Practices of the Sentimental Imagination,"Melodrama, the Novel, and the Social Imaginary in Nineteenth-century Japan",Jonathan E. Zwicker,Harvard University Press,2006,296.0,Education,en,,,subject:science fiction
pao5AQAAMAAJ,Climate Change Communication,"Proceedings of an International Conference, June 22-24, 2000, Kitchener-Waterloo, Ontario, Canada","Daniel James Scott, Canada. Environment Canada, University of Waterloo",,2000,722.0,Nature,en,,,subject:science fiction
cLJlAAAAMAAJ,Dying Planet,Mars in Science and the Imagination,Robert Markley,Duke University Press Books,2005-09-08,464.0,Fiction,en,,,subject:science fiction
8fnuAAAAMAAJ,Ideas & Production,,,,1985,680.0,Intellectual life,en,,,subject:science fiction
WBRojgEACAAJ,A Voyage to Arcturus,,David Lindsay,,2015-10-07,270.0,,en,,,subject:science fiction
C3U-AQAAIAAJ,The Science Teacher,,,,2006,848.0,Science,en,,,subject:science fiction
ewZmAAAAMAAJ,Agnes Grey,,Anne Brontë,Oxford University Press,1988,262.0,Fiction,en,,,subject:science fiction
ZL_aAAAAMAAJ,Proceedings of the Indian Science Congress,,Indian Science Congress Association,,1995,1372.0,Indian Science Congress,en,,,subject:science fiction
GokmEAAAQBAJ,Surreal Entanglements,Essays on Jeff VanderMeer’s Fiction,"Louise Economides, Laura Shackelford",Routledge,2021-05-18,197.0,Literary Criticism,en,,,subject:science fiction
HuFDEAAAQBAJ,The Legacies of Ursula K. Le Guin,"Science, Fiction, Ethics","Christopher L. Robinson, Sarah Bouttier, Pierre-Louis Patoine",Springer Nature,2021-09-19,149.0,Fiction,en,,,subject:science fiction
dcr8dxPQ5U8C,The One True Platonic Heaven,A Scientific Fiction of the Limits of Knowledge,John Casti,Taylor & Francis US,2003-04-25,188.0,Philosophy,en,,,subject:science fiction
dzWA0QEACAAJ,Corpus Earthling,,LOUIS. CHARBONNEAU,,2025-07-29,0.0,Science,en,,,subject:science fiction
1n_wAAAAMAAJ,In Situ Hybridization,,Melody Clark,,1996,194.0,Science,en,,,subject:science fiction
ryApAAAAYAAJ,Bits of Life,"Feminism at the Intersections of Media, Bioscience, and Technology","Anneke Smelik, Nina Lykke",,2008-07,244.0,Computers,en,,,subject:science fiction
Frb2R6vZco0C,What the Crow Said,,Robert Kroetsch,University of Alberta,1998-11,232.0,Fiction,en,5.0,1.0,subject:science fiction
NYb8MAAACAAJ,The Master of the World,,Jules Verne,,2016-12-10,126.0,,en,,,subject:science fiction
JSRWPYp1nNUC,Comeuppance,"Costly Signaling, Altruistic Punishment, and Other Biological Components of Fiction",William Flesch,Harvard University Press,2007,272.0,Language Arts & Disciplines,en,,,subject:science fiction
Mvr2jwEACAAJ,The New Woman in Fiction and Fact,Fin-de-Siècle Feminisms,NA NA,Palgrave Macmillan,2014-01-14,258.0,Science,en,,,subject:science fiction
cDJw3dWjw_UC,The Early Universe,Facts and Fiction,Gerhard Börner,Springer Science & Business Media,2004-06-11,622.0,Science,en,3.5,2.0,subject:science fiction
z08dAQAAMAAJ,"A Syllabus for the Study of Science, Technology and Public Policy: Science and society",,"Lynton Keith Caldwell, William B. DeVille",,1968,318.0,Science,en,,,subject:science fiction
RL_aAAAAMAAJ,Science Wars,Debating Scientific Knowledge and Technology,Keith Parsons,Prometheus,2003-02,336.0,Political Science,en,,,subject:science fiction
yqNFAAAAYAAJ,Discover,,,,2008,528.0,Science,en,,,subject:science fiction
TlqGAAAAIAAJ,Through the Lumen,Frankenstein and the Optics of Re-origination,Zoe Sofoulis,,1988,442.0,Feminism,en,,,subject:science fiction
_84gAQAAIAAJ,Peter Carey,,Graham Huggan,"Oxford University Press, USA",1996,116.0,History,en,,,subject:science fiction
m0YmAQAAIAAJ,Next sex,sex in the age of its procreative superfluousness,"Gerfried Stocker, Christine Schöpf",,2000,428.0,Art,en,,,subject:science fiction
odxBEAAAQBAJ,Biopolitical Futures in Twenty-First-Century Speculative Fiction,,Sherryl Vint,Cambridge University Press,2021-10-07,283.0,History,en,,,subject:science fiction
fUfPswEACAAJ,Trope-ing the Light Fantastic,The Science Behind the Fiction,Edward M. Lerner,,2018,366.0,Fiction,en,,,subject:science fiction
aPaJtAEACAAJ,The War of the Worlds,,H. G. Wells,,2018-01-10,420.0,,en,,,subject:science fiction
WdnoAQAACAAJ,All Around the Moon,,Jules Verne,,2017-02-17,314.0,,en,,,subject:science fiction
c6B5swEACAAJ,Science Fiction and the Moral Imagination,"Visions, Minds, Ethics",Russell Blackford,Springer,2017-09-14,204.0,Philosophy,en,,,subject:science fiction
PXittAEACAAJ,The Sleeper Awakes,,H. G. Wells,Createspace Independent Publishing Platform,2018-02-28,254.0,,en,,,subject:science fiction
FgkOQ4xbx6sC,Index of Conference Proceedings Received,,British Library. Lending Division,,1983,844.0,Congresses and conventions,en,,,subject:science fiction
KdmxAAAAIAAJ,The Holodeck in the Garden,Science and Technology in Contemporary American Fiction,"Peter Freese, Charles B. Harris",,2004,418.0,History,en,,,subject:science fiction
5tYItAEACAAJ,The Octopus,"Or the ""Devil-Fish"" Of Fiction and of Fact (Classic Reprint)",Henry Lee,Forgotten Books,2018-02-03,148.0,Science,en,,,subject:science fiction
oCehAAAAMAAJ,Metropolitan Detroit Science Review,,,,1949,356.0,Science,en,,,subject:science fiction
AtEia3SMHVwC,Shikitei Sanba and the Comic Tradition in Edo Fiction,,Robert W. Leutner,Harvard Univ Asia Center,1985,260.0,Biography & Autobiography,en,,,subject:science fiction
Bw5LEQAAQBAJ,"The Call of the Eco-Weird in Fiction, Films, and Games",,"Brian Hisao Onishi, Nathan M. Bell",Springer Nature,2025-02-28,251.0,Science,en,,,subject:science fiction
tmRwA0OG8SsC,Electrical Experimenter,,,,1930,1498.0,Science,en,,,subject:science fiction
